-- migrate:up


INSERT INTO public.users (id, email, password, role, created_at) VALUES ('d662e339-6fd0-4de3-b3d2-7118ce70ee53', 'jonas.jonaitis@gmail.com', '$2a$10$kZKcePkgzOL3MoUcV/eZ8.vvQneOoNcGYDsodHDSpeRjm7F6q/FU6', 'client', '2022-10-02 16:19:20.024945 +00:00');
INSERT INTO public.users (id, email, password, role, created_at) VALUES ('d974f2b6-dfa2-4d03-98fd-d318c4262e68', 'petras.petraitis@gmail.com', '$2a$10$x7AN9EJWjXEF3YiuaNUO6u5JdaN1.fIyxH0RbvL1w7Ces1j1Fuch.', 'client', '2022-10-02 16:19:41.218784 +00:00');
INSERT INTO public.users (id, email, password, role, created_at) VALUES ('88685495-24ba-4adf-806f-fd0fe9aba8f4', 'kirpykla@gmail.com', '$2a$10$sSwmSVQY3cA/xY9Ya8YtPu4Mtrrlj/2UdbGeigkB4OoC3e2ZBGUIW', 'company', '2022-10-02 16:15:06.128298 +00:00');
INSERT INTO public.users (id, email, password, role, created_at) VALUES ('e91f4c92-1371-48a1-a745-7d66d2178e15', 'plovykla@gmail.com', '$2a$10$k0Nk.2YFNjDW7rnSZg1/MewjZX7JpBWGMmKcQIWK/lH5N5VepDqFO', 'company', '2022-10-02 16:16:28.083293 +00:00');
INSERT INTO public.users (id, email, password, role, created_at) VALUES ('7b5624c2-7713-4bb3-b8d5-ea29b5792115', 'servisas@gmail.com', '$2a$10$oXp7.EnCKetl/kEQy9TZqO1hyjxFGAZX1Pp5yamZxW.5slj8p5fmG', 'company', '2022-10-02 16:17:30.666699 +00:00');
INSERT INTO public.users (id, email, password, role, created_at) VALUES ('65d5f815-8b9f-4375-b86b-ed49f6b1ad81', 'admin@gmail.com', '$2a$10$yKsxJSsYUGnqd6rHMsO9P.KnQnbLpYWaZnfZd2I5YSelWeie9Qn9a', 'admin', '2022-10-16 16:17:30.666699 +00:00');

INSERT INTO public.companies (id, name, address, description, approved, created_at) VALUES ('88685495-24ba-4adf-806f-fd0fe9aba8f4', 'Kirpykla', 'Kauno g. 25, Vilnius', 'Vyrų ir moterų kirpykla Vilniuje', true, '2022-10-02 16:15:06.128298 +00:00');
INSERT INTO public.companies (id, name, address, description, approved, created_at) VALUES ('e91f4c92-1371-48a1-a745-7d66d2178e15', 'Plovykla', 'Vilniaus g. 17, Kaunas', 'Automobilių plovykla Kaune', true, '2022-10-02 16:16:28.083293 +00:00');
INSERT INTO public.companies (id, name, address, description, approved, created_at) VALUES ('7b5624c2-7713-4bb3-b8d5-ea29b5792115', 'Automobilių servisas', 'Ozo g. 10, Vilnius', 'Automobilių servisas Vilniuje', true, '2022-10-02 16:17:30.666699 +00:00');

INSERT INTO public.clients (id, first_name, last_name, phone, created_at) VALUES ('d662e339-6fd0-4de3-b3d2-7118ce70ee53', 'Jonas', 'Jonaitis', '+37065555455', '2022-10-02 16:19:20.024945 +00:00');
INSERT INTO public.clients (id, first_name, last_name, phone, created_at) VALUES ('d974f2b6-dfa2-4d03-98fd-d318c4262e68', 'Petras', 'Petraitis', '+37061354544', '2022-10-02 16:19:41.218784 +00:00');

INSERT INTO public.services (id, company_id, title, description, specialist_name, specialist_phone, visit_duration, work_schedule, created_at) VALUES ('94e7f537-2842-45ba-9935-6b9c876f3e04', '88685495-24ba-4adf-806f-fd0fe9aba8f4', 'Vyrų kirpimas', 'Pigus vyrų kirpimas', 'Zita M.', '+37063454344', 30, '{"friday": {"To": "14:00", "From": "08:00"}, "monday": {"To": "15:00", "From": "08:00"}, "tuesday": {"To": "15:00", "From": "08:00"}, "thursday": {"To": "15:00", "From": "08:00"}, "wednesday": {"To": "15:00", "From": "08:00"}}', '2022-10-02 16:33:46.637515 +00:00');
INSERT INTO public.services (id, company_id, title, description, specialist_name, specialist_phone, visit_duration, work_schedule, created_at) VALUES ('339bdf25-b331-40dc-98f1-ca8f8399c8d0', '88685495-24ba-4adf-806f-fd0fe9aba8f4', 'Moterų kirpimas', 'Pigus moterų kirpimas', 'Rita A.', '+37061233332', 60, '{"friday": {"To": "16:00", "From": "08:00"}, "monday": {"To": "16:00", "From": "08:00"}, "tuesday": {"To": "16:00", "From": "08:00"}, "thursday": {"To": "16:00", "From": "08:00"}, "wednesday": {"To": "17:00", "From": "08:00"}}', '2022-10-02 16:34:20.318871 +00:00');
INSERT INTO public.services (id, company_id, title, description, specialist_name, specialist_phone, visit_duration, work_schedule, created_at) VALUES ('1b618d1e-05cc-4d10-84fe-c304d424afa0', 'e91f4c92-1371-48a1-a745-7d66d2178e15', 'Salono valymas', 'Pigus salono valymas', 'Kęstas', '+37066564333', 120, '{"friday": {"To": "16:00", "From": "08:00"}, "monday": {"To": "16:00", "From": "08:00"}, "wednesday": {"To": "17:00", "From": "08:00"}}', '2022-10-02 16:36:44.041745 +00:00');
INSERT INTO public.services (id, company_id, title, description, specialist_name, specialist_phone, visit_duration, work_schedule, created_at) VALUES ('bc7f8382-0d87-40bd-910e-67efe1ae15f4', 'e91f4c92-1371-48a1-a745-7d66d2178e15', 'Išorės plovimas', 'Pigus automobilio išorės plovimas', 'Virgis', '+37065678999', 30, '{"monday": {"To": "16:00", "From": "08:00"}, "thursday": {"To": "14:00", "From": "10:00"}, "wednesday": {"To": "17:00", "From": "08:00"}}', '2022-10-02 16:38:11.192785 +00:00');
INSERT INTO public.services (id, company_id, title, description, specialist_name, specialist_phone, visit_duration, work_schedule, created_at) VALUES ('cba4fef6-490b-4d56-af12-eb153c97893d', '7b5624c2-7713-4bb3-b8d5-ea29b5792115', 'Padangų keitimas', 'Pigus automobilio padangų keitimas', 'Jonas', '+37064343332', 30, '{"monday": {"To": "16:00", "From": "08:00"}, "tuesday": {"To": "17:00", "From": "11:30"}, "thursday": {"To": "14:00", "From": "10:00"}, "wednesday": {"To": "17:00", "From": "08:00"}}', '2022-10-02 16:39:33.830555 +00:00');

INSERT INTO public.reservations (id, service_id, client_id, date, comment, created_at) VALUES ('9442e8d6-8db2-43fc-a5be-057bb631e80b', '94e7f537-2842-45ba-9935-6b9c876f3e04', 'd662e339-6fd0-4de3-b3d2-7118ce70ee53', '2022-12-10 09:30:00.000000 +00:00', null, '2022-10-02 16:45:37.346601 +00:00');
INSERT INTO public.reservations (id, service_id, client_id, date, comment, created_at) VALUES ('53144e32-29b5-43ea-86df-c0bb8b40f1c7', '94e7f537-2842-45ba-9935-6b9c876f3e04', 'd974f2b6-dfa2-4d03-98fd-d318c4262e68', '2022-12-10 10:15:00.000000 +00:00', 'Mane bliūdeliu', '2022-10-02 16:59:17.831187 +00:00');
INSERT INTO public.reservations (id, service_id, client_id, date, comment, created_at) VALUES ('136c80c7-7d4c-4edf-a7ea-e06ffc25505e', '1b618d1e-05cc-4d10-84fe-c304d424afa0', 'd974f2b6-dfa2-4d03-98fd-d318c4262e68', '2022-12-10 08:00:00.000000 +00:00', 'Man kad švaru būtų!!!', '2022-10-02 17:01:17.309641 +00:00');


-- migrate:down

